timestamp,tick_direction,trade_seq,trade_id,mark_price,instrument_name,direction,amount,index_price,price,iv,timestamp,block_trade_leg_count,block_trade_id,combo_id,liquidation
2023-11-18 23:48:07.427,2,10,ETH-27571305,0.000593,ETH-21NOV23-1800-P,sell,103.0,1963.74,0.0001,45.72,1700351287427,,,,
2023-11-18 23:48:07.427,2,9,ETH-27571304,0.000593,ETH-21NOV23-1800-P,sell,130.0,1963.74,0.0002,50.07,1700351287427,,,,
2023-11-18 23:48:07.427,2,8,ETH-27571303,0.000593,ETH-21NOV23-1800-P,sell,13.0,1963.74,0.0004,55.56,1700351287427,,,,
2023-11-18 23:48:07.427,2,7,ETH-27571302,0.000593,ETH-21NOV23-1800-P,sell,4.0,1963.74,0.0005,57.65,1700351287427,,,,
2023-11-18 23:48:02.059,0,6,ETH-27571102,0.000592,ETH-21NOV23-1800-P,buy,37.0,1963.74,0.0011,66.74,1700351282059,,,,
2023-11-18 23:48:02.059,0,5,ETH-27571101,0.000592,ETH-21NOV23-1800-P,buy,2.0,1963.74,0.001,65.46,1700351282059,,,,
2023-11-18 23:48:02.059,0,4,ETH-27571100,0.000592,ETH-21NOV23-1800-P,buy,110.0,1963.74,0.0009,64.12,1700351282059,,,,
2023-11-18 23:48:02.059,0,3,ETH-27571099,0.000592,ETH-21NOV23-1800-P,buy,100.0,1963.74,0.0008,62.69,1700351282059,,,,
2023-11-18 23:48:02.059,0,2,ETH-27571098,0.000592,ETH-21NOV23-1800-P,buy,1.0,1963.74,0.0007,61.15,1700351282059,,,,
2023-11-18 17:49:41.571,1,1,ETH-27567546,0.000597,ETH-21NOV23-1800-P,sell,250.0,1966.1,0.0006,57.34,1700329781571,3.0,BLOCK-498157,ETH-PBUT-21NOV23-1800_1850_1875,
2023-11-18 23:48:07.549,0,7,ETH-27571308,0.001261,ETH-21NOV23-1850-P,buy,46.0,1963.74,0.0018,55.72,1700351287549,,,,
2023-11-18 23:48:07.549,0,6,ETH-27571307,0.001261,ETH-21NOV23-1850-P,buy,322.0,1963.74,0.0017,54.92,1700351287549,,,,
2023-11-18 23:48:07.549,0,5,ETH-27571306,0.001261,ETH-21NOV23-1850-P,buy,132.0,1963.74,0.0016,54.09,1700351287549,,,,
2023-11-18 23:48:02.172,2,4,ETH-27571106,0.001263,ETH-21NOV23-1850-P,sell,297.0,1963.74,0.0008,46.21,1700351282172,,,,
2023-11-18 23:48:02.172,2,3,ETH-27571105,0.001263,ETH-21NOV23-1850-P,sell,150.0,1963.74,0.0009,47.36,1700351282172,,,,
2023-11-18 23:48:02.172,2,2,ETH-27571104,0.001263,ETH-21NOV23-1850-P,sell,53.0,1963.74,0.001,48.45,1700351282172,,,,
2023-11-18 17:49:41.571,1,1,ETH-27567547,0.001218,ETH-21NOV23-1850-P,buy,500.0,1966.1,0.0012,48.91,1700329781571,3.0,BLOCK-498157,ETH-PBUT-21NOV23-1800_1850_1875,
2023-11-18 23:48:07.668,2,5,ETH-27571311,0.001974,ETH-21NOV23-1875-P,sell,138.0,1963.74,0.0015,43.97,1700351287668,,,,
2023-11-18 23:48:07.668,2,4,ETH-27571310,0.001974,ETH-21NOV23-1875-P,sell,100.0,1963.74,0.0016,44.72,1700351287668,,,,
2023-11-18 23:48:07.668,2,3,ETH-27571309,0.001974,ETH-21NOV23-1875-P,sell,12.0,1963.74,0.0017,45.46,1700351287668,,,,
2023-11-18 23:48:02.290,0,2,ETH-27571107,0.001962,ETH-21NOV23-1875-P,buy,250.0,1963.74,0.0023,49.49,1700351282290,,,,
2023-11-18 17:49:41.571,1,1,ETH-27567548,0.001888,ETH-21NOV23-1875-P,sell,250.0,1966.1,0.0019,45.56,1700329781571,3.0,BLOCK-498157,ETH-PBUT-21NOV23-1800_1850_1875,
2023-11-20 06:50:57.938,0,14,ETH-27588294,0.04323,ETH-21NOV23-1925-C,buy,2.0,2006.66,0.0455,86.07,1700463057938,,,,
2023-11-20 06:48:37.779,0,13,ETH-27588287,0.04148,ETH-21NOV23-1925-C,buy,1.0,2006.65,0.0445,78.77,1700462917779,,,,
2023-11-20 06:48:37.574,0,12,ETH-27588286,0.04148,ETH-21NOV23-1925-C,sell,1.0,2006.65,0.0415,47.15,1700462917574,,,,
2023-11-20 06:48:00.979,3,11,ETH-27588282,0.041157,ETH-21NOV23-1925-C,sell,1.0,2006.4,0.0405,0.0,1700462880979,,,,
2023-11-20 06:47:03.247,2,10,ETH-27588272,0.040696,ETH-21NOV23-1925-C,sell,1.0,2005.26,0.0405,35.96,1700462823247,,,,
2023-11-20 06:46:31.409,0,9,ETH-27588267,0.040658,ETH-21NOV23-1925-C,buy,1.0,2005.33,0.0445,82.87,1700462791409,,,,
2023-11-20 06:45:42.807,3,8,ETH-27588265,0.040824,ETH-21NOV23-1925-C,sell,1.0,2005.65,0.0405,0.0,1700462742807,,,,
2023-11-20 06:45:00.878,2,7,ETH-27588262,0.040775,ETH-21NOV23-1925-C,sell,1.0,2005.6,0.0405,38.6,1700462700878,,,,
2023-11-20 06:43:42.578,0,6,ETH-27588254,0.04051,ETH-21NOV23-1925-C,buy,1.0,2005.0,0.0435,76.04,1700462622578,,,,
2023-11-20 06:42:05.250,3,5,ETH-27588242,0.040124,ETH-21NOV23-1925-C,sell,1.0,2004.4,0.0395,0.0,1700462525250,,,,
2023-11-18 21:25:54.007,1,2,ETH-27569409,0.005406,ETH-21NOV23-1925-P,buy,6.0,1962.47,0.0055,40.23,1700342754007,,,,
2023-11-18 19:09:25.117,1,1,ETH-27568241,0.005371,ETH-21NOV23-1925-P,buy,6.0,1967.95,0.0055,42.16,1700334565117,,,,
2023-11-19 08:04:42.891,1,1,ETH-27575113,0.008253,ETH-21NOV23-1950-P,sell,1.0,1962.93,0.008,37.57,1700381082891,,,,
2023-11-18 23:48:07.784,2,10,ETH-27571314,0.003872,ETH-21NOV23-2025-C,sell,51.0,1963.74,0.0034,42.02,1700351287784,,,,
2023-11-18 23:48:07.784,2,9,ETH-27571313,0.003872,ETH-21NOV23-2025-C,sell,65.0,1963.74,0.0035,42.48,1700351287784,,,,
2023-11-18 23:48:07.784,2,8,ETH-27571312,0.003872,ETH-21NOV23-2025-C,sell,134.0,1963.74,0.0037,43.4,1700351287784,,,,
2023-11-18 23:48:02.410,0,7,ETH-27571112,0.003888,ETH-21NOV23-2025-C,buy,92.0,1963.73,0.0043,46.03,1700351282410,,,,
2023-11-18 23:48:02.410,0,6,ETH-27571111,0.003888,ETH-21NOV23-2025-C,buy,107.0,1963.73,0.0042,45.59,1700351282410,,,,
2023-11-18 23:48:02.410,0,5,ETH-27571110,0.003888,ETH-21NOV23-2025-C,buy,41.0,1963.73,0.0041,45.16,1700351282410,,,,
2023-11-18 23:48:02.410,0,4,ETH-27571109,0.003888,ETH-21NOV23-2025-C,buy,10.0,1963.73,0.004,44.72,1700351282410,,,,
2023-11-18 23:20:38.023,2,3,ETH-27570848,0.003682,ETH-21NOV23-2025-C,buy,6.0,1963.2,0.0036,43.02,1700349638023,,,,
2023-11-18 19:13:20.828,0,2,ETH-27568279,0.004469,ETH-21NOV23-2025-C,buy,6.0,1968.0,0.005,44.99,1700334800828,,,,
2023-11-18 17:45:59.338,1,1,ETH-27567513,0.004935,ETH-21NOV23-2025-C,sell,250.0,1967.55,0.0049,44.15,1700329559338,2.0,BLOCK-498152,ETH-STRD-21NOV23-2025,
2023-11-18 23:48:12.565,2,5,ETH-27571482,0.034573,ETH-21NOV23-2025-P,buy,14.0,1963.73,0.0001,0.0,1700351292565,,,,
2023-11-18 23:48:07.907,2,4,ETH-27571315,0.034753,ETH-21NOV23-2025-P,sell,236.0,1963.74,0.033,35.35,1700351287907,,,,
2023-11-18 23:48:06.803,0,3,ETH-27571262,0.034809,ETH-21NOV23-2025-P,sell,8.0,1963.69,0.5345,999.0,1700351286803,,,,
2023-11-18 23:48:02.528,0,2,ETH-27571113,0.034794,ETH-21NOV23-2025-P,buy,242.0,1963.73,0.0375,55.41,1700351282528,,,,
2023-11-18 17:45:59.338,1,1,ETH-27567512,0.033467,ETH-21NOV23-2025-P,sell,250.0,1967.55,0.0332,43.25,1700329559338,2.0,BLOCK-498152,ETH-STRD-21NOV23-2025,
2023-11-18 23:48:08.023,2,7,ETH-27571318,0.002448,ETH-21NOV23-2050-C,sell,55.0,1963.74,0.0019,43.56,1700351288023,,,,
2023-11-18 23:48:08.023,2,6,ETH-27571317,0.002448,ETH-21NOV23-2050-C,sell,49.0,1963.74,0.002,44.2,1700351288023,,,,
2023-11-18 23:48:08.023,2,5,ETH-27571316,0.002448,ETH-21NOV23-2050-C,sell,146.0,1963.74,0.0023,46.05,1700351288023,,,,
2023-11-18 23:48:02.640,0,4,ETH-27571118,0.00247,ETH-21NOV23-2050-C,buy,126.0,1963.73,0.0028,48.91,1700351282640,,,,
2023-11-18 23:48:02.640,0,3,ETH-27571117,0.00247,ETH-21NOV23-2050-C,buy,110.0,1963.73,0.0027,48.35,1700351282640,,,,
2023-11-18 23:48:02.640,2,2,ETH-27571116,0.00247,ETH-21NOV23-2050-C,buy,14.0,1963.73,0.0026,47.79,1700351282640,,,,
2023-11-18 17:20:08.145,1,1,ETH-27567048,0.003008,ETH-21NOV23-2050-C,sell,250.0,1966.87,0.003,45.9,1700328008145,1.0,BLOCK-498136,,
2023-11-20 08:30:55.797,1,1,ETH-27589774,0.006468,ETH-22NOV23-2075-C,sell,1.0,2018.02,0.006,54.47,1700469055797,,,,
2023-11-20 08:29:11.109,0,2,ETH-27589771,0.005467,ETH-23NOV23-1950-P,sell,1.0,2018.89,0.005,48.07,1700468951109,,,,
2023-11-20 08:11:49.326,1,1,ETH-27589489,0.005828,ETH-23NOV23-1950-P,sell,1.0,2017.59,0.0047,46.31,1700467909326,,,,
2023-11-16 21:31:12.292,1,2,ETH-27525767,0.591349,ETH-24NOV23-800-C,buy,2.0,1954.19,0.595,336.5,1700170272292,,,,
2023-11-16 21:31:12.292,1,1,ETH-27525766,0.591349,ETH-24NOV23-800-C,buy,1.0,1954.19,0.595,336.5,1700170272292,,,,
2023-11-17 18:54:36.812,2,14,ETH-27550338,0.003558,ETH-24NOV23-1400-P,sell,1.0,1944.13,0.0037,151.2,1700247276812,,,,
2023-11-17 18:21:26.315,2,13,ETH-27549797,0.003671,ETH-24NOV23-1400-P,sell,1.0,1940.57,0.007,173.23,1700245286315,,,,
2023-11-17 18:18:06.719,0,12,ETH-27549763,0.003658,ETH-24NOV23-1400-P,sell,1.0,1941.25,0.015,213.14,1700245086719,,,,
2023-11-17 18:13:50.247,1,11,ETH-27549665,0.003622,ETH-24NOV23-1400-P,sell,10.0,1943.49,0.014,209.17,1700244830247,,,,
2023-11-17 18:13:50.223,0,10,ETH-27549664,0.003622,ETH-24NOV23-1400-P,sell,5.0,1943.49,0.014,209.17,1700244830223,,,,
2023-11-17 18:12:53.241,0,9,ETH-27549663,0.003628,ETH-24NOV23-1400-P,sell,15.0,1942.85,0.0026,140.46,1700244773241,,,,
2023-11-17 21:34:33.935,3,85,ETH-27552601,0.007731,ETH-24NOV23-1500-P,sell,1.0,1944.38,0.0008,95.49,1700256873935,,,,
2023-11-17 21:34:24.439,3,84,ETH-27552600,0.007748,ETH-24NOV23-1500-P,sell,1.0,1944.25,0.0008,95.43,1700256864439,,,,
2023-11-17 21:34:24.439,3,83,ETH-27552599,0.007748,ETH-24NOV23-1500-P,sell,1.0,1944.25,0.0008,95.43,1700256864439,,,,
2023-11-17 21:34:24.439,3,82,ETH-27552598,0.007748,ETH-24NOV23-1500-P,sell,1.0,1944.25,0.0008,95.43,1700256864439,,,,
2023-11-17 21:34:24.439,3,81,ETH-27552597,0.007748,ETH-24NOV23-1500-P,sell,1.0,1944.25,0.0008,95.43,1700256864439,,,,
2023-11-17 21:34:24.439,3,80,ETH-27552596,0.007748,ETH-24NOV23-1500-P,sell,1.0,1944.25,0.0008,95.43,1700256864439,,,,
2023-11-17 21:34:24.439,3,79,ETH-27552595,0.007748,ETH-24NOV23-1500-P,sell,1.0,1944.25,0.0008,95.43,1700256864439,,,,
2023-11-17 21:34:24.439,3,78,ETH-27552594,0.007748,ETH-24NOV23-1500-P,sell,1.0,1944.25,0.0008,95.43,1700256864439,,,,
2023-11-17 21:34:24.439,3,77,ETH-27552593,0.007748,ETH-24NOV23-1500-P,sell,1.0,1944.25,0.0008,95.43,1700256864439,,,,
2023-11-17 21:34:24.439,3,76,ETH-27552592,0.007748,ETH-24NOV23-1500-P,sell,1.0,1944.25,0.0008,95.43,1700256864439,,,,
2023-11-15 18:50:19.881,2,29,ETH-27485481,0.014318,ETH-24NOV23-1600-P,sell,2.0,2033.17,0.0013,84.32,1700074219881,,,,
2023-11-15 18:50:42.284,3,23,ETH-27485549,0.01922,ETH-24NOV23-1700-P,buy,36.0,2033.25,0.0021,72.65,1700074242284,,,,
2023-11-15 18:50:17.398,2,22,ETH-27485476,0.024542,ETH-24NOV23-1700-P,buy,30.0,2033.0,0.0021,72.52,1700074217398,,,,
2023-11-15 18:50:14.598,0,21,ETH-27485446,0.02517,ETH-24NOV23-1700-P,sell,27.0,2033.58,0.0045,86.1,1700074214598,,,,
2023-11-16 19:16:36.614,0,26,ETH-27519200,0.00697,ETH-24NOV23-1800-P,sell,10.0,1974.67,0.0049,57.76,1700162196614,,,,
2023-11-16 02:10:01.152,2,25,ETH-27496495,0.0033,ETH-24NOV23-1800-P,buy,10.0,2061.73,0.0034,66.56,1700100601152,,,,
2023-11-15 18:50:42.372,3,24,ETH-27485550,0.00396,ETH-24NOV23-1800-P,buy,32.0,2033.25,0.0041,63.21,1700074242372,,,,
2023-11-15 18:50:14.357,2,23,ETH-27485445,0.004214,ETH-24NOV23-1800-P,buy,24.0,2033.58,0.0041,63.16,1700074214357,,,,
2023-11-15 18:50:42.374,3,6,ETH-27485554,0.009535,ETH-24NOV23-1900-P,buy,26.0,2033.25,0.01,57.82,1700074242374,,,,
2023-11-15 18:50:16.783,3,5,ETH-27485469,0.012586,ETH-24NOV23-1900-P,buy,21.0,2033.0,0.01,57.62,1700074216783,,,,
2023-11-19 06:41:07.981,0,115,ETH-27574656,0.014534,ETH-24NOV23-2000-C,buy,1.0,1964.06,0.015,48.05,1700376067981,,,,
2023-11-18 11:26:30.442,2,114,ETH-27562729,0.01203,ETH-24NOV23-2000-C,sell,2.0,1942.02,0.012,45.47,1700306790442,,,,
2023-11-17 00:30:57.355,3,113,ETH-27528366,0.022954,ETH-24NOV23-2000-C,sell,5.0,1966.93,0.0225,51.8,1700181057355,,,,
2023-11-17 00:28:05.559,2,112,ETH-27528321,0.022986,ETH-24NOV23-2000-C,sell,2.0,1968.52,0.0225,51.28,1700180885559,,,,
2023-11-17 00:27:51.838,0,111,ETH-27528319,0.022906,ETH-24NOV23-2000-C,buy,2.0,1968.12,0.0235,53.23,1700180871838,,,,
2023-11-17 00:23:29.630,0,110,ETH-27528280,0.022562,ETH-24NOV23-2000-C,sell,5.0,1966.55,0.0225,51.85,1700180609630,,,,
2023-11-17 00:18:31.643,0,109,ETH-27528228,0.02163,ETH-24NOV23-2000-C,buy,5.0,1962.51,0.022,52.31,1700180311643,,,,
2023-11-17 00:17:04.654,2,108,ETH-27528224,0.021985,ETH-24NOV23-2000-C,sell,5.0,1964.31,0.021,49.92,1700180224654,,,,
2023-11-17 00:16:46.183,0,107,ETH-27528218,0.022049,ETH-24NOV23-2000-C,buy,5.0,1964.22,0.0225,52.76,1700180206183,,,,
2023-11-17 00:10:11.195,3,106,ETH-27528124,0.02149,ETH-24NOV23-2000-C,sell,15.0,1961.86,0.021,50.68,1700179811195,,,,
2023-11-18 15:16:00.081,0,22,ETH-27564675,0.038723,ETH-24NOV23-2000-P,sell,2.0,1947.74,0.039,48.52,1700320560081,,,,
2023-11-15 18:50:42.372,3,21,ETH-27485552,0.024021,ETH-24NOV23-2000-P,buy,20.0,2033.25,0.0245,55.92,1700074242372,,,,
2023-11-15 18:50:17.085,2,20,ETH-27485471,0.024312,ETH-24NOV23-2000-P,buy,17.0,2033.0,0.0245,55.63,1700074217085,,,,
2023-11-15 18:50:15.619,0,19,ETH-27485467,0.024382,ETH-24NOV23-2000-P,sell,16.0,2033.38,0.0325,69.33,1700074215619,,,,
2023-11-20 06:07:52.542,0,5,ETH-27587986,0.007594,ETH-24NOV23-2100-C,sell,1.0,2002.17,0.0075,56.07,1700460472542,,,,
2023-11-19 17:28:11.318,2,4,ETH-27579538,0.005963,ETH-24NOV23-2100-C,buy,1.0,1975.76,0.006,56.48,1700414891318,,,,
2023-11-15 18:50:42.373,3,3,ETH-27485553,0.023327,ETH-24NOV23-2100-C,buy,19.0,2033.25,0.024,58.87,1700074242373,,,,
2023-11-15 18:50:21.536,2,2,ETH-27485512,0.025504,ETH-24NOV23-2100-C,buy,18.0,2033.31,0.024,58.85,1700074221536,,,,
2023-11-15 18:50:20.393,1,1,ETH-27485493,0.025826,ETH-24NOV23-2100-C,sell,17.0,2033.17,0.0345,76.7,1700074220393,,,,
2023-11-15 18:50:42.372,3,45,ETH-27485551,0.012501,ETH-24NOV23-2200-C,buy,24.0,2033.25,0.013,63.86,1700074242372,,,,
2023-11-15 18:50:21.536,2,44,ETH-27485513,0.012887,ETH-24NOV23-2200-C,buy,21.0,2033.31,0.013,63.84,1700074221536,,,,
2023-11-15 18:50:20.641,1,43,ETH-27485503,0.012887,ETH-24NOV23-2200-C,sell,19.0,2033.17,0.019,76.13,1700074220641,,,,
2023-11-15 18:50:20.616,0,42,ETH-27485501,0.012887,ETH-24NOV23-2200-C,sell,2.0,2033.17,0.019,76.13,1700074220616,,,,
2023-11-16 17:05:43.709,2,17,ETH-27514785,0.003759,ETH-24NOV23-2400-C,sell,10.0,2005.33,0.0038,81.87,1700154343709,,,,
2023-11-15 18:50:22.758,2,16,ETH-27485517,0.003742,ETH-24NOV23-2400-C,buy,32.0,2033.2,0.005,77.04,1700074222758,,,,
2023-11-15 18:50:20.774,0,15,ETH-27485507,0.003477,ETH-24NOV23-2400-C,sell,29.0,2033.31,0.006,80.73,1700074220774,,,,
2023-11-15 18:50:17.085,2,24,ETH-27485470,0.001357,ETH-24NOV23-2500-C,buy,30.0,2033.0,0.0036,84.61,1700074217085,,,,
2023-11-15 18:50:14.654,3,23,ETH-27485450,0.001183,ETH-24NOV23-2500-C,sell,7.0,2033.58,0.0046,89.25,1700074214654,,,,
2023-11-15 18:50:14.628,2,22,ETH-27485448,0.001183,ETH-24NOV23-2500-C,sell,20.0,2033.58,0.0046,89.25,1700074214628,,,,
2023-11-16 19:10:48.833,2,3,ETH-27518533,4e-06,ETH-24NOV23-4500-C,sell,1.0,1973.86,0.0001,183.52,1700161848833,,,,
2023-11-16 19:10:24.098,1,2,ETH-27518507,1e-06,ETH-24NOV23-4500-C,sell,1.0,1976.45,0.0002,194.41,1700161824098,,,,
2023-11-16 19:10:24.098,1,1,ETH-27518506,1e-06,ETH-24NOV23-4500-C,sell,1.0,1976.45,0.0002,194.41,1700161824098,,,,
2023-11-15 14:24:44.887,3,12,ETH-27475514,0.262025,ETH-1DEC23-1500-C,sell,37.0,2018.95,0.2535,0.0,1700058284887,,,,
2023-11-15 14:24:44.887,2,11,ETH-27475513,0.262025,ETH-1DEC23-1500-C,sell,58.0,2018.95,0.2535,0.0,1700058284887,,,,
2023-11-15 14:21:13.835,1,10,ETH-27475481,0.262774,ETH-1DEC23-1500-C,buy,20.0,2020.86,0.2685,106.21,1700058073835,,,,
2023-11-15 14:19:24.673,1,9,ETH-27475461,0.262718,ETH-1DEC23-1500-C,buy,13.0,2020.67,0.2685,106.38,1700057964673,,,,
2023-11-15 14:19:24.673,0,8,ETH-27475460,0.262718,ETH-1DEC23-1500-C,buy,62.0,2020.67,0.2685,106.38,1700057964673,,,,
2023-11-15 11:56:47.972,2,7,ETH-27472301,0.260389,ETH-1DEC23-1500-C,sell,114.0,2013.87,0.2535,0.0,1700049407972,,,,
2023-11-15 11:55:46.361,1,6,ETH-27472276,0.260376,ETH-1DEC23-1500-C,buy,40.0,2013.6,0.2685,113.36,1700049346361,,,,
2023-11-15 11:54:35.091,0,5,ETH-27472233,0.259603,ETH-1DEC23-1500-C,buy,74.0,2011.31,0.2685,115.52,1700049275091,,,,
2023-11-15 09:47:57.733,2,4,ETH-27470325,0.252984,ETH-1DEC23-1500-C,sell,40.0,1990.85,0.245,0.0,1700041677733,,,,
2023-11-15 09:47:40.848,2,3,ETH-27470323,0.253056,ETH-1DEC23-1500-C,buy,80.0,1991.05,0.255,88.5,1700041660848,,,,
2023-11-15 18:50:20.082,2,2,ETH-27485484,0.001441,ETH-1DEC23-1500-P,sell,32.0,2033.17,0.0021,83.35,1700074220082,,,,
2023-11-15 18:51:02.621,3,3,ETH-27485578,0.002738,ETH-1DEC23-1600-P,buy,14.0,2032.93,0.003,73.52,1700074262621,,,,
2023-11-15 18:50:22.759,2,2,ETH-27485518,0.003581,ETH-1DEC23-1600-P,buy,35.0,2033.2,0.003,73.56,1700074222759,,,,
2023-11-15 18:50:20.328,1,1,ETH-27485488,0.003957,ETH-1DEC23-1600-P,sell,32.0,2033.17,0.004,78.18,1700074220328,,,,
2023-11-15 18:50:42.375,3,9,ETH-27485557,0.004757,ETH-1DEC23-1700-P,buy,34.0,2033.25,0.005,65.95,1700074242375,,,,
2023-11-15 18:50:15.471,2,8,ETH-27485465,0.008135,ETH-1DEC23-1700-P,buy,26.0,2033.38,0.005,65.91,1700074215471,,,,
2023-11-15 18:50:14.646,1,7,ETH-27485449,0.008348,ETH-1DEC23-1700-P,sell,25.0,2033.58,0.01,80.08,1700074214646,,,,
2023-11-15 18:50:14.623,0,6,ETH-27485447,0.008348,ETH-1DEC23-1700-P,sell,1.0,2033.58,0.01,80.08,1700074214623,,,,
2023-11-15 18:50:42.375,3,14,ETH-27485558,0.008988,ETH-1DEC23-1800-P,buy,29.0,2033.25,0.0095,60.77,1700074242375,,,,
2023-11-15 18:50:21.535,2,13,ETH-27485511,0.00861,ETH-1DEC23-1800-P,buy,26.0,2033.31,0.0095,60.72,1700074221535,,,,
2023-11-15 18:50:20.538,1,12,ETH-27485500,0.008553,ETH-1DEC23-1800-P,sell,22.0,2033.17,0.0155,72.68,1700074220538,,,,
2023-11-15 18:50:20.516,1,11,ETH-27485499,0.008553,ETH-1DEC23-1800-P,sell,1.0,2033.17,0.0155,72.68,1700074220516,,,,
2023-11-15 18:50:20.491,1,10,ETH-27485498,0.008553,ETH-1DEC23-1800-P,sell,1.0,2033.17,0.0155,72.68,1700074220491,,,,
2023-11-15 18:50:20.468,1,9,ETH-27485497,0.008553,ETH-1DEC23-1800-P,sell,1.0,2033.17,0.0155,72.68,1700074220468,,,,
2023-11-15 18:50:20.446,0,8,ETH-27485495,0.008553,ETH-1DEC23-1800-P,sell,1.0,2033.17,0.0155,72.68,1700074220446,,,,
2023-11-15 18:51:11.094,1,4,ETH-27485630,0.018165,ETH-1DEC23-1900-P,buy,30.0,2033.71,0.0185,57.28,1700074271094,,,,
2023-11-15 18:50:42.377,1,3,ETH-27485559,0.01823,ETH-1DEC23-1900-P,buy,24.0,2033.25,0.0185,57.17,1700074242377,,,,
2023-11-15 18:50:15.570,0,2,ETH-27485466,0.018039,ETH-1DEC23-1900-P,buy,19.0,2033.38,0.0185,57.11,1700074215570,,,,
2023-11-15 18:50:42.375,1,3,ETH-27485555,0.035749,ETH-1DEC23-2000-P,buy,20.0,2033.25,0.0365,57.26,1700074242375,,,,
2023-11-15 18:50:15.672,0,2,ETH-27485468,0.035637,ETH-1DEC23-2000-P,buy,16.0,2033.18,0.0365,57.23,1700074215672,,,,
2023-11-15 19:26:44.692,0,8,ETH-27487114,0.039116,ETH-1DEC23-2100-C,buy,10.0,2039.21,0.0395,61.2,1700076404692,,,,
2023-11-15 18:50:42.377,3,7,ETH-27485560,0.036107,ETH-1DEC23-2100-C,buy,19.0,2033.25,0.037,59.19,1700074242377,,,,
2023-11-15 18:50:21.534,2,6,ETH-27485510,0.040177,ETH-1DEC23-2100-C,buy,17.0,2033.31,0.037,59.27,1700074221534,,,,
2023-11-15 18:50:20.356,0,5,ETH-27485490,0.040541,ETH-1DEC23-2100-C,sell,17.0,2033.17,0.046,70.3,1700074220356,,,,
2023-11-15 18:50:46.145,3,10,ETH-27485569,0.02253,ETH-1DEC23-2200-C,buy,30.0,2033.47,0.023,61.46,1700074246145,,,,
2023-11-15 18:50:22.762,2,9,ETH-27485522,0.023905,ETH-1DEC23-2200-C,buy,21.0,2033.2,0.023,61.42,1700074222762,,,,
2023-11-15 18:50:20.446,3,8,ETH-27485496,0.024843,ETH-1DEC23-2200-C,sell,18.0,2033.17,0.0295,70.36,1700074220446,,,,
2023-11-15 18:50:20.424,2,7,ETH-27485494,0.024843,ETH-1DEC23-2200-C,sell,2.0,2033.17,0.0295,70.36,1700074220424,,,,
2023-11-15 18:50:54.207,2,7,ETH-27485572,0.014244,ETH-1DEC23-2300-C,buy,30.0,2033.22,0.0145,64.35,1700074254207,,,,
2023-11-15 18:50:25.360,0,6,ETH-27485532,0.014259,ETH-1DEC23-2300-C,buy,30.0,2032.6,0.015,65.28,1700074225360,,,,
2023-11-15 18:50:20.319,2,5,ETH-27485487,0.014345,ETH-1DEC23-2300-C,buy,23.0,2033.17,0.0145,64.42,1700074220319,,,,
2023-11-15 18:50:19.610,2,4,ETH-27485480,0.014037,ETH-1DEC23-2300-C,sell,23.0,2033.34,0.019,71.82,1700074219610,,,,
2023-11-15 18:50:42.375,1,3,ETH-27485556,0.009489,ETH-1DEC23-2400-C,buy,31.0,2033.25,0.01,68.89,1700074242375,,,,
2023-11-15 18:50:17.187,0,2,ETH-27485474,0.008575,ETH-1DEC23-2400-C,buy,25.0,2033.0,0.01,68.96,1700074217187,,,,
2023-11-15 18:50:17.394,0,2,ETH-27485475,0.005524,ETH-1DEC23-2500-C,buy,28.0,2033.0,0.007,72.98,1700074217394,,,,
2023-11-15 18:50:54.813,1,1,ETH-27485573,0.004737,ETH-1DEC23-2600-C,sell,37.0,2033.22,0.0046,75.26,1700074254813,,,,
2023-11-15 18:51:02.622,3,5,ETH-27485580,0.00369,ETH-1DEC23-2700-C,sell,38.0,2032.93,0.0034,79.12,1700074262622,,,,
2023-11-15 18:50:36.696,2,4,ETH-27485547,0.003446,ETH-1DEC23-2700-C,sell,36.0,2033.04,0.0034,79.13,1700074236696,,,,
2023-11-15 18:51:02.622,3,3,ETH-27485579,0.002793,ETH-1DEC23-2800-C,sell,39.0,2032.93,0.0025,82.38,1700074262622,,,,
2023-11-15 18:50:22.630,2,2,ETH-27485516,0.002254,ETH-1DEC23-2800-C,sell,36.0,2033.22,0.0025,82.37,1700074222630,,,,
2023-11-18 01:10:16.473,0,10,ETH-27557011,0.002381,ETH-8DEC23-1500-P,buy,250.0,1955.57,0.0025,67.25,1700269816473,3.0,BLOCK-497462,ETH-PBUT-8DEC23-1500_2300_2400,
2023-11-18 00:42:33.534,2,9,ETH-27556738,0.002427,ETH-8DEC23-1500-P,sell,250.0,1954.04,0.002,64.24,1700268153534,3.0,BLOCK-497436,ETH-PBUT-8DEC23-1500_2300_2400,
2023-11-17 13:29:22.405,2,8,ETH-27538361,0.00247,ETH-8DEC23-1500-P,buy,31.0,1964.14,0.0027,68.18,1700227762405,,,,
2023-11-17 13:28:34.419,0,7,ETH-27538355,0.002503,ETH-8DEC23-1500-P,buy,19.0,1964.14,0.0028,68.68,1700227714419,,,,
2023-11-17 13:28:34.419,1,6,ETH-27538354,0.002503,ETH-8DEC23-1500-P,buy,12.0,1964.14,0.0027,68.19,1700227714419,,,,
2023-11-17 13:10:57.724,1,5,ETH-27538038,0.002501,ETH-8DEC23-1500-P,buy,30.0,1968.18,0.0027,68.54,1700226657724,,,,
2023-11-17 13:09:46.469,1,4,ETH-27538010,0.002475,ETH-8DEC23-1500-P,buy,30.0,1968.91,0.0027,68.62,1700226586469,,,,
2023-11-17 13:08:32.249,1,3,ETH-27537998,0.002488,ETH-8DEC23-1500-P,buy,30.0,1968.19,0.0027,68.55,1700226512249,,,,
2023-11-17 13:06:33.181,1,2,ETH-27537976,0.002493,ETH-8DEC23-1500-P,buy,29.0,1968.5,0.0027,68.62,1700226393181,,,,
2023-11-17 13:05:26.516,1,1,ETH-27537947,0.002491,ETH-8DEC23-1500-P,buy,29.0,1966.86,0.0027,68.37,1700226326516,,,,
2023-11-17 13:32:03.682,1,11,ETH-27538406,0.004332,ETH-8DEC23-1600-P,buy,31.0,1963.01,0.0046,61.43,1700227923682,,,,
2023-11-17 13:30:30.623,1,10,ETH-27538394,0.004338,ETH-8DEC23-1600-P,buy,31.0,1963.73,0.0046,61.53,1700227830623,,,,
2023-11-17 13:30:05.827,1,9,ETH-27538388,0.004338,ETH-8DEC23-1600-P,buy,30.0,1962.78,0.0046,61.42,1700227805827,,,,
2023-11-17 13:29:22.401,1,8,ETH-27538360,0.004351,ETH-8DEC23-1600-P,buy,30.0,1964.14,0.0046,61.59,1700227762401,,,,
2023-11-17 13:28:34.416,0,7,ETH-27538353,0.004347,ETH-8DEC23-1600-P,buy,29.0,1964.14,0.0046,61.6,1700227714416,,,,
2023-11-17 13:10:57.720,3,6,ETH-27538037,0.004303,ETH-8DEC23-1600-P,buy,29.0,1968.18,0.0045,61.67,1700226657720,,,,
2023-11-17 13:09:46.465,3,5,ETH-27538009,0.004296,ETH-8DEC23-1600-P,buy,29.0,1968.91,0.0045,61.76,1700226586465,,,,
2023-11-17 13:08:32.243,3,4,ETH-27537997,0.004281,ETH-8DEC23-1600-P,buy,28.0,1968.19,0.0045,61.68,1700226512243,,,,
2023-11-17 13:06:33.176,2,3,ETH-27537975,0.004296,ETH-8DEC23-1600-P,buy,28.0,1968.5,0.0045,61.76,1700226393176,,,,
2023-11-17 13:05:26.511,0,2,ETH-27537946,0.004286,ETH-8DEC23-1600-P,buy,7.0,1966.86,0.0046,61.81,1700226326511,,,,
2023-11-17 13:32:03.665,1,13,ETH-27538405,0.008468,ETH-8DEC23-1700-P,buy,29.0,1963.01,0.009,57.25,1700227923665,,,,
2023-11-17 13:30:30.606,1,12,ETH-27538392,0.008323,ETH-8DEC23-1700-P,buy,28.0,1963.73,0.009,57.36,1700227830606,,,,
2023-11-17 13:30:05.814,0,11,ETH-27538386,0.008485,ETH-8DEC23-1700-P,buy,28.0,1962.78,0.009,57.24,1700227805814,,,,
2023-11-17 13:29:22.383,3,10,ETH-27538358,0.00826,ETH-8DEC23-1700-P,buy,27.0,1964.14,0.0085,56.41,1700227762383,,,,
2023-11-17 13:28:34.400,3,9,ETH-27538351,0.00826,ETH-8DEC23-1700-P,buy,27.0,1964.14,0.0085,56.42,1700227714400,,,,
2023-11-17 13:10:57.703,3,8,ETH-27538035,0.008234,ETH-8DEC23-1700-P,buy,26.0,1968.18,0.0085,56.89,1700226657703,,,,
2023-11-17 13:09:46.448,3,7,ETH-27538005,0.008246,ETH-8DEC23-1700-P,buy,26.0,1968.91,0.0085,56.99,1700226586448,,,,
2023-11-17 13:08:32.225,3,6,ETH-27537991,0.008236,ETH-8DEC23-1700-P,buy,26.0,1968.19,0.0085,56.9,1700226512225,,,,
2023-11-17 13:06:33.158,3,5,ETH-27537969,0.008215,ETH-8DEC23-1700-P,buy,25.0,1968.5,0.0085,56.99,1700226393158,,,,
2023-11-17 13:05:26.491,2,4,ETH-27537938,0.0082,ETH-8DEC23-1700-P,buy,25.0,1966.86,0.0085,56.67,1700226326491,,,,
2023-11-17 13:32:03.687,0,12,ETH-27538407,0.016949,ETH-8DEC23-1800-P,buy,24.0,1963.01,0.0175,54.06,1700227923687,,,,
2023-11-17 13:30:30.629,2,11,ETH-27538395,0.016735,ETH-8DEC23-1800-P,buy,23.0,1963.73,0.017,53.49,1700227830629,,,,
2023-11-17 13:30:05.832,0,10,ETH-27538389,0.016912,ETH-8DEC23-1800-P,buy,23.0,1962.78,0.0175,54.04,1700227805832,,,,
2023-11-17 13:29:22.407,1,9,ETH-27538362,0.016523,ETH-8DEC23-1800-P,buy,23.0,1964.14,0.017,53.58,1700227762407,,,,
2023-11-17 13:28:34.423,1,8,ETH-27538356,0.016628,ETH-8DEC23-1800-P,buy,22.0,1964.14,0.017,53.6,1700227714423,,,,
2023-11-17 13:10:57.725,0,7,ETH-27538039,0.016483,ETH-8DEC23-1800-P,buy,22.0,1968.18,0.017,54.18,1700226657725,,,,
2023-11-17 13:09:46.470,2,6,ETH-27538011,0.016284,ETH-8DEC23-1800-P,buy,22.0,1968.91,0.0165,53.59,1700226586470,,,,
2023-11-17 13:08:32.250,0,5,ETH-27538000,0.016463,ETH-8DEC23-1800-P,buy,10.0,1968.19,0.017,54.19,1700226512250,,,,
2023-11-17 13:08:32.250,2,4,ETH-27537999,0.016463,ETH-8DEC23-1800-P,buy,12.0,1968.19,0.0165,53.48,1700226512250,,,,
2023-11-17 13:06:33.183,0,3,ETH-27537978,0.016338,ETH-8DEC23-1800-P,buy,9.0,1968.5,0.017,54.31,1700226393183,,,,
2023-11-17 13:30:30.616,2,11,ETH-27538393,0.032535,ETH-8DEC23-1900-P,buy,19.0,1963.73,0.033,52.51,1700227830616,,,,
2023-11-17 13:30:05.823,0,10,ETH-27538387,0.032831,ETH-8DEC23-1900-P,buy,18.0,1962.78,0.0335,52.87,1700227805823,,,,
2023-11-17 13:29:22.397,1,9,ETH-27538359,0.032534,ETH-8DEC23-1900-P,buy,18.0,1964.14,0.033,52.64,1700227762397,,,,
2023-11-17 13:28:34.413,0,8,ETH-27538352,0.032523,ETH-8DEC23-1900-P,buy,18.0,1964.14,0.033,52.66,1700227714413,,,,
2023-11-17 13:10:57.715,3,7,ETH-27538036,0.031921,ETH-8DEC23-1900-P,buy,18.0,1968.18,0.0325,52.87,1700226657715,,,,
2023-11-17 13:09:46.461,3,6,ETH-27538007,0.031952,ETH-8DEC23-1900-P,buy,18.0,1968.91,0.0325,53.04,1700226586461,,,,
2023-11-17 13:08:32.240,3,5,ETH-27537995,0.031961,ETH-8DEC23-1900-P,buy,18.0,1968.19,0.0325,52.89,1700226512240,,,,
2023-11-17 13:06:33.172,3,4,ETH-27537973,0.03202,ETH-8DEC23-1900-P,buy,17.0,1968.5,0.0325,53.03,1700226393172,,,,
2023-11-17 13:05:26.506,2,3,ETH-27537943,0.03208,ETH-8DEC23-1900-P,buy,17.0,1966.86,0.0325,52.51,1700226326506,,,,
2023-11-17 13:03:54.726,2,2,ETH-27537888,0.037013,ETH-8DEC23-1900-P,buy,17.0,1964.21,0.033,52.57,1700226234726,,,,
2023-11-17 13:08:32.238,2,5,ETH-27537994,0.044543,ETH-8DEC23-2000-C,buy,16.0,1968.19,0.045,53.14,1700226512238,,,,
2023-11-17 13:06:33.170,0,4,ETH-27537972,0.044923,ETH-8DEC23-2000-C,buy,16.0,1968.5,0.0455,53.51,1700226393170,,,,
2023-11-17 13:05:26.504,0,3,ETH-27537942,0.044416,ETH-8DEC23-2000-C,buy,15.0,1966.86,0.045,53.53,1700226326504,,,,
2023-11-17 13:03:56.295,1,2,ETH-27537901,0.045835,ETH-8DEC23-2000-C,buy,15.0,1964.12,0.0445,53.53,1700226236295,,,,
2023-11-17 13:03:54.461,1,1,ETH-27537886,0.04683,ETH-8DEC23-2000-C,sell,15.0,1964.18,0.0445,53.54,1700226234461,,,,
2023-11-16 10:19:01.636,1,1,ETH-27500298,0.040989,ETH-8DEC23-2000-P,sell,10.0,2044.73,0.0405,55.33,1700129941636,,,,
2023-11-17 13:03:54.658,1,1,ETH-27537887,0.02979,ETH-8DEC23-2100-C,buy,18.0,1964.21,0.0265,53.7,1700226234658,,,,
2023-11-17 13:30:06.884,2,9,ETH-27538391,0.015457,ETH-8DEC23-2200-C,sell,24.0,1963.0,0.015,54.25,1700227806884,,,,
2023-11-17 13:10:59.035,1,8,ETH-27538043,0.015939,ETH-8DEC23-2200-C,sell,24.0,1968.24,0.0155,54.19,1700226659035,,,,
2023-11-17 13:09:47.858,1,7,ETH-27538013,0.015954,ETH-8DEC23-2200-C,sell,23.0,1968.89,0.0155,54.06,1700226587858,,,,
2023-11-17 13:08:32.257,1,6,ETH-27538002,0.016029,ETH-8DEC23-2200-C,sell,23.0,1968.19,0.0155,54.17,1700226512257,,,,
2023-11-17 13:06:33.190,1,5,ETH-27537980,0.015755,ETH-8DEC23-2200-C,sell,23.0,1968.5,0.0155,54.07,1700226393190,,,,
2023-11-17 13:05:26.525,1,4,ETH-27537950,0.015772,ETH-8DEC23-2200-C,sell,23.0,1966.86,0.0155,54.42,1700226326525,,,,
2023-11-17 13:03:54.727,0,3,ETH-27537889,0.018692,ETH-8DEC23-2200-C,sell,23.0,1964.21,0.0155,54.75,1700226234727,,,,
2023-11-17 13:03:54.144,2,2,ETH-27537885,0.018692,ETH-8DEC23-2200-C,buy,23.0,1964.18,0.014,52.6,1700226234144,,,,
2023-11-16 10:24:31.652,1,1,ETH-27500322,0.031746,ETH-8DEC23-2200-C,sell,10.0,2045.74,0.0315,59.11,1700130271652,,,,
2023-11-17 13:30:06.879,1,8,ETH-27538390,0.009266,ETH-8DEC23-2300-C,sell,28.0,1963.0,0.009,56.33,1700227806879,,,,
2023-11-17 13:10:59.029,1,7,ETH-27538042,0.009447,ETH-8DEC23-2300-C,sell,27.0,1968.24,0.009,55.67,1700226659029,,,,
2023-11-17 13:09:46.458,1,6,ETH-27538006,0.009498,ETH-8DEC23-2300-C,sell,27.0,1968.91,0.009,55.57,1700226586458,,,,
2023-11-17 13:08:32.237,1,5,ETH-27537993,0.009498,ETH-8DEC23-2300-C,sell,27.0,1968.19,0.009,55.65,1700226512237,,,,
2023-11-17 13:06:33.169,1,4,ETH-27537971,0.009253,ETH-8DEC23-2300-C,sell,27.0,1968.5,0.009,55.57,1700226393169,,,,
2023-11-17 13:05:26.503,1,3,ETH-27537941,0.00928,ETH-8DEC23-2300-C,sell,26.0,1966.86,0.009,55.86,1700226326503,,,,
2023-11-17 13:03:56.300,0,2,ETH-27537902,0.011649,ETH-8DEC23-2300-C,sell,26.0,1964.12,0.009,56.14,1700226236300,,,,
2023-11-17 13:03:54.859,1,1,ETH-27537894,0.011977,ETH-8DEC23-2300-C,buy,27.0,1964.21,0.008,54.22,1700226234859,,,,
2023-11-18 01:10:16.473,2,2,ETH-27557012,0.178923,ETH-8DEC23-2300-P,sell,500.0,1955.57,0.1784,56.01,1700269816473,3.0,BLOCK-497462,ETH-PBUT-8DEC23-1500_2300_2400,
2023-11-18 00:42:33.534,1,1,ETH-27556740,0.180022,ETH-8DEC23-2300-P,buy,500.0,1954.04,0.1803,57.59,1700268153534,3.0,BLOCK-497436,ETH-PBUT-8DEC23-1500_2300_2400,
2023-11-17 13:09:46.464,1,4,ETH-27538008,0.00596,ETH-8DEC23-2400-C,sell,29.0,1968.91,0.0055,57.86,1700226586464,,,,
2023-11-17 13:08:32.242,1,3,ETH-27537996,0.005941,ETH-8DEC23-2400-C,sell,29.0,1968.19,0.0055,57.94,1700226512242,,,,
2023-11-17 13:06:33.174,1,2,ETH-27537974,0.00596,ETH-8DEC23-2400-C,sell,29.0,1968.5,0.0055,57.86,1700226393174,,,,
2023-11-17 13:05:26.509,1,1,ETH-27537944,0.005946,ETH-8DEC23-2400-C,sell,28.0,1966.86,0.0055,58.12,1700226326509,,,,
2023-11-18 01:10:16.473,2,2,ETH-27557013,0.22631,ETH-8DEC23-2400-P,buy,250.0,1955.57,0.2266,59.76,1700269816473,3.0,BLOCK-497462,ETH-PBUT-8DEC23-1500_2300_2400,
2023-11-18 00:42:33.534,1,1,ETH-27556739,0.227506,ETH-8DEC23-2400-P,sell,250.0,1954.04,0.2272,58.14,1700268153534,3.0,BLOCK-497436,ETH-PBUT-8DEC23-1500_2300_2400,
2023-11-18 01:48:02.383,3,10,ETH-27557393,0.003418,ETH-8DEC23-2500-C,sell,250.0,1955.53,0.0034,61.95,1700272082383,1.0,BLOCK-497484,,
2023-11-18 01:11:51.781,2,9,ETH-27557046,0.00337,ETH-8DEC23-2500-C,buy,250.0,1952.97,0.0034,62.12,1700269911781,1.0,BLOCK-497469,,
2023-11-17 13:10:59.026,1,8,ETH-27538041,0.004095,ETH-8DEC23-2500-C,sell,31.0,1968.24,0.004,62.18,1700226659026,,,,
2023-11-17 13:10:57.744,1,7,ETH-27538040,0.004094,ETH-8DEC23-2500-C,buy,30.0,1968.18,0.004,62.18,1700226657744,,,,
2023-11-17 13:09:46.475,0,6,ETH-27538012,0.0041,ETH-8DEC23-2500-C,sell,30.0,1968.91,0.004,62.09,1700226586475,,,,
2023-11-17 13:08:32.255,2,5,ETH-27538001,0.004004,ETH-8DEC23-2500-C,sell,30.0,1968.19,0.0038,61.5,1700226512255,,,,
2023-11-17 13:06:33.188,0,4,ETH-27537979,0.004145,ETH-8DEC23-2500-C,sell,30.0,1968.5,0.0041,62.42,1700226393188,,,,
2023-11-17 13:05:26.523,0,3,ETH-27537949,0.004105,ETH-8DEC23-2500-C,sell,29.0,1966.86,0.004,62.33,1700226326523,,,,
2023-11-17 13:03:56.288,0,2,ETH-27537900,0.005493,ETH-8DEC23-2500-C,sell,29.0,1964.12,0.0036,61.2,1700226236288,,,,
2023-11-17 13:03:54.857,1,1,ETH-27537893,0.005692,ETH-8DEC23-2500-C,buy,30.0,1964.21,0.0028,58.21,1700226234857,,,,
2023-11-17 13:08:32.233,1,5,ETH-27537992,0.002903,ETH-8DEC23-2600-C,sell,30.0,1968.19,0.0028,65.29,1700226512233,,,,
2023-11-17 13:06:33.165,1,4,ETH-27537970,0.002937,ETH-8DEC23-2600-C,sell,30.0,1968.5,0.0028,65.22,1700226393165,,,,
2023-11-17 13:05:26.497,0,3,ETH-27537939,0.002928,ETH-8DEC23-2600-C,sell,30.0,1966.86,0.0028,65.44,1700226326497,,,,
2023-11-17 13:03:56.286,0,2,ETH-27537899,0.004087,ETH-8DEC23-2600-C,sell,30.0,1964.12,0.0027,65.21,1700226236286,,,,
2023-11-17 13:03:54.785,1,1,ETH-27537890,0.004246,ETH-8DEC23-2600-C,buy,30.0,1964.21,0.002,61.83,1700226234785,,,,
2023-11-18 23:48:08.716,2,10,ETH-27571405,0.00213,ETH-8DEC23-2700-C,sell,78.0,1963.73,0.001,63.98,1700351288716,,,,
2023-11-18 23:48:08.716,2,9,ETH-27571404,0.00213,ETH-8DEC23-2700-C,sell,127.0,1963.73,0.0011,64.87,1700351288716,,,,
2023-11-18 23:48:08.716,2,8,ETH-27571403,0.00213,ETH-8DEC23-2700-C,sell,45.0,1963.73,0.0012,65.7,1700351288716,,,,
2023-11-18 23:48:08.277,1,7,ETH-27571340,0.00213,ETH-8DEC23-2700-C,sell,5.0,1963.74,0.5015,686.13,1700351288277,,,,
2023-11-18 23:48:08.254,1,6,ETH-27571339,0.00213,ETH-8DEC23-2700-C,sell,120.0,1963.74,0.5015,686.13,1700351288254,,,,
2023-11-18 23:48:08.231,0,5,ETH-27571327,0.00213,ETH-8DEC23-2700-C,sell,125.0,1963.74,0.5015,686.13,1700351288231,,,,
2023-11-18 00:57:18.079,2,4,ETH-27556870,0.001883,ETH-8DEC23-2700-C,sell,250.0,1956.55,0.0019,69.33,1700269038079,1.0,BLOCK-497448,,
2023-11-17 13:05:26.498,0,3,ETH-27537940,0.002125,ETH-8DEC23-2700-C,sell,20.0,1966.86,0.002,68.35,1700226326498,,,,
2023-11-17 13:03:56.277,0,2,ETH-27537898,0.002975,ETH-8DEC23-2700-C,sell,30.0,1964.12,0.0019,67.97,1700226236277,,,,
2023-11-17 13:03:54.797,1,1,ETH-27537891,0.0031,ETH-8DEC23-2700-C,buy,30.0,1964.21,0.0016,66.12,1700226234797,,,,
2023-11-17 13:03:54.931,2,22,ETH-27537895,0.002609,ETH-8DEC23-2800-C,buy,30.0,1964.21,0.0013,70.09,1700226234931,,,,
2023-11-16 13:28:07.309,1,21,ETH-27507297,0.005234,ETH-8DEC23-2800-C,sell,1.0,2036.98,0.005,78.95,1700141287309,,,,
2023-11-16 13:28:03.832,1,20,ETH-27507294,0.005227,ETH-8DEC23-2800-C,sell,1.0,2036.64,0.005,78.99,1700141283832,,,,
2023-11-16 13:28:00.186,1,19,ETH-27507291,0.005247,ETH-8DEC23-2800-C,sell,1.0,2036.96,0.005,78.95,1700141280186,,,,
2023-11-16 13:27:57.645,1,18,ETH-27507290,0.00525,ETH-8DEC23-2800-C,sell,1.0,2036.84,0.005,78.96,1700141277645,,,,
2023-11-16 13:27:54.549,1,17,ETH-27507289,0.005249,ETH-8DEC23-2800-C,sell,1.0,2036.77,0.005,78.98,1700141274549,,,,
2023-11-16 13:27:51.758,1,16,ETH-27507288,0.005248,ETH-8DEC23-2800-C,sell,1.0,2036.73,0.005,79.0,1700141271758,,,,
2023-11-16 13:27:49.299,1,15,ETH-27507287,0.005261,ETH-8DEC23-2800-C,sell,1.0,2036.41,0.005,78.98,1700141269299,,,,
2023-11-16 13:27:45.949,1,14,ETH-27507286,0.005239,ETH-8DEC23-2800-C,sell,1.0,2035.81,0.005,79.05,1700141265949,,,,
2023-11-16 13:27:42.436,1,13,ETH-27507284,0.005247,ETH-8DEC23-2800-C,sell,1.0,2036.11,0.005,79.06,1700141262436,,,,
2023-11-17 16:20:59.200,1,6470,ETH-27544650,0.692163,ETH-29DEC23-600-C,sell,37.0,1926.7,0.6945,179.96,1700238059200,,,,M
2023-11-17 16:20:59.074,0,6469,ETH-27544649,0.692163,ETH-29DEC23-600-C,buy,42.0,1926.7,0.6945,179.96,1700238059074,,,,T
2023-11-17 16:20:59.074,2,6468,ETH-27544648,0.692163,ETH-29DEC23-600-C,buy,121.0,1926.7,0.694,175.2,1700238059074,,,,T
2023-11-17 16:20:53.033,0,6467,ETH-27544637,0.692207,ETH-29DEC23-600-C,buy,79.0,1926.89,0.6945,179.7,1700238053033,,,,T
2023-11-17 16:20:53.033,2,6466,ETH-27544636,0.692207,ETH-29DEC23-600-C,buy,121.0,1926.89,0.694,174.91,1700238053033,,,,T
2023-11-17 14:15:39.568,0,6465,ETH-27539381,0.695851,ETH-29DEC23-600-C,buy,79.0,1951.26,0.698,178.79,1700230539568,,,,T
2023-11-17 14:15:39.568,2,6464,ETH-27539380,0.695851,ETH-29DEC23-600-C,buy,121.0,1951.26,0.6975,173.68,1700230539568,,,,T
2023-11-17 13:33:45.311,1,6463,ETH-27538446,0.697586,ETH-29DEC23-600-C,sell,37.0,1962.32,0.7,182.0,1700228025311,,,,M
2023-11-17 13:33:45.013,0,6462,ETH-27538445,0.697586,ETH-29DEC23-600-C,buy,42.0,1962.32,0.7,182.0,1700228025013,,,,T
2023-11-17 13:33:45.013,2,6461,ETH-27538444,0.697586,ETH-29DEC23-600-C,buy,121.0,1962.32,0.6995,177.15,1700228025013,,,,T
2023-11-17 17:41:43.908,0,6055,ETH-27548847,0.001405,ETH-29DEC23-800-P,sell,138.0,1939.92,0.0005,107.16,1700242903908,,,,T
2023-11-17 16:21:24.678,2,6054,ETH-27544653,0.001482,ETH-29DEC23-800-P,buy,138.0,1925.85,0.0004,103.62,1700238084678,,,,M
2023-11-17 16:21:20.165,1,6053,ETH-27544652,0.001481,ETH-29DEC23-800-P,sell,138.0,1925.97,0.0005,106.31,1700238080165,,,,T
2023-11-17 14:15:42.591,0,6052,ETH-27539382,0.001359,ETH-29DEC23-800-P,sell,138.0,1951.55,0.0005,107.64,1700230542591,,,,T
2023-11-17 13:34:15.160,2,6051,ETH-27538463,0.001311,ETH-29DEC23-800-P,sell,200.0,1961.23,0.0002,97.99,1700228055160,,,,T
2023-11-17 13:34:10.785,2,6050,ETH-27538459,0.00131,ETH-29DEC23-800-P,buy,138.0,1961.61,0.0004,105.48,1700228050785,,,,M
2023-11-17 13:34:06.098,1,6049,ETH-27538458,0.001307,ETH-29DEC23-800-P,sell,138.0,1961.94,0.0005,108.22,1700228046098,,,,T
2023-11-17 12:35:52.739,0,6048,ETH-27537194,0.001337,ETH-29DEC23-800-P,sell,138.0,1958.03,0.0005,107.88,1700224552739,,,,T
2023-11-17 10:50:30.527,2,6047,ETH-27535554,0.001326,ETH-29DEC23-800-P,sell,200.0,1961.04,0.0002,97.84,1700218230527,,,,T
2023-11-17 10:50:26.381,1,6046,ETH-27535553,0.001328,ETH-29DEC23-800-P,buy,20.0,1960.8,0.0005,107.99,1700218226381,,,,M
2023-11-15 18:50:43.596,0,77,ETH-27485568,0.002633,ETH-29DEC23-900-P,sell,28.0,2033.18,0.0023,119.7,1700074243596,,,,M
2023-11-15 18:50:42.628,2,76,ETH-27485567,0.00263,ETH-29DEC23-900-P,buy,25.0,2033.25,0.0011,107.43,1700074242628,,,,T
2023-11-15 18:51:09.026,2,45,ETH-27485619,0.001666,ETH-29DEC23-1100-P,sell,30.0,2033.0,0.0016,87.95,1700074269026,,,,
2023-11-15 18:51:09.026,2,110,ETH-27485620,0.002381,ETH-29DEC23-1200-P,sell,30.0,2033.0,0.0023,81.56,1700074269026,,,,
2023-11-15 18:51:09.087,2,95,ETH-27485621,0.003496,ETH-29DEC23-1300-P,sell,30.0,2033.6,0.0034,76.01,1700074269087,,,,
2023-11-15 18:50:17.893,2,140,ETH-27485477,0.008599,ETH-29DEC23-1500-P,buy,22.0,2033.33,0.008,67.31,1700074217893,,,,
2023-11-15 18:50:17.110,2,139,ETH-27485473,0.008522,ETH-29DEC23-1500-P,sell,22.0,2033.0,0.009,69.39,1700074217110,,,,
2023-11-15 18:51:02.623,3,2800,ETH-27485582,0.011503,ETH-29DEC23-1600-P,buy,26.0,2032.93,0.012,63.23,1700074262623,,,,
2023-11-15 18:50:22.759,2,2799,ETH-27485519,0.013513,ETH-29DEC23-1600-P,buy,24.0,2033.2,0.012,63.25,1700074222759,,,,
2023-11-15 18:50:20.362,1,2798,ETH-27485491,0.014593,ETH-29DEC23-1600-P,sell,21.0,2033.17,0.0145,67.09,1700074220362,,,,
2023-11-15 18:50:20.339,0,2797,ETH-27485489,0.014593,ETH-29DEC23-1600-P,sell,1.0,2033.17,0.0145,67.09,1700074220339,,,,
2023-11-15 18:51:02.622,3,121,ETH-27485581,0.018075,ETH-29DEC23-1700-P,buy,24.0,2032.93,0.0185,60.22,1700074262622,,,,
2023-11-15 18:50:22.761,2,120,ETH-27485520,0.022269,ETH-29DEC23-1700-P,buy,22.0,2033.2,0.0185,60.23,1700074222761,,,,
2023-11-15 18:50:20.318,0,119,ETH-27485486,0.023689,ETH-29DEC23-1700-P,sell,20.0,2033.17,0.023,65.53,1700074220318,,,,
2023-11-18 04:22:56.255,2,196,ETH-27558762,0.034811,ETH-29DEC23-1800-P,sell,10.0,1945.09,0.0345,53.17,1700281376255,,,,
2023-11-18 04:22:32.473,1,195,ETH-27558759,0.035178,ETH-29DEC23-1800-P,buy,4.0,1944.63,0.035,53.57,1700281352473,,,,
2023-11-18 04:22:29.312,0,194,ETH-27558757,0.035516,ETH-29DEC23-1800-P,sell,4.0,1944.49,0.035,53.52,1700281349312,,,,
2023-11-15 18:50:42.377,1,193,ETH-27485561,0.02855,ETH-29DEC23-1800-P,buy,20.0,2033.25,0.029,58.53,1700074242377,,,,
2023-11-15 18:50:15.468,1,192,ETH-27485464,0.031033,ETH-29DEC23-1800-P,buy,15.0,2033.38,0.029,58.59,1700074215468,,,,
2023-11-18 04:24:59.683,0,270,ETH-27558797,0.056194,ETH-29DEC23-1900-P,sell,34.0,1945.13,0.056,53.87,1700281499683,,,,
2023-11-15 18:50:42.378,1,269,ETH-27485562,0.04371,ETH-29DEC23-1900-P,buy,17.0,2033.25,0.0445,57.77,1700074242378,,,,
2023-11-15 18:50:14.667,0,268,ETH-27485455,0.043573,ETH-29DEC23-1900-P,buy,13.0,2033.38,0.0445,57.84,1700074214667,,,,
2023-11-20 08:58:29.970,0,5838,ETH-27590235,0.076478,ETH-29DEC23-2000-C,sell,1.0,2016.86,0.076,52.11,1700470709970,,,,
2023-11-20 08:56:57.245,3,5837,ETH-27590230,0.076242,ETH-29DEC23-2000-C,sell,1.0,2016.55,0.0755,51.7,1700470617245,,,,
2023-11-20 08:55:23.019,2,5836,ETH-27590227,0.076013,ETH-29DEC23-2000-C,sell,1.0,2016.39,0.0755,51.79,1700470523019,,,,
2023-11-20 08:53:48.758,1,5835,ETH-27590223,0.076344,ETH-29DEC23-2000-C,sell,1.0,2016.07,0.076,52.2,1700470428758,,,,
2023-11-20 08:52:13.742,1,5834,ETH-27590205,0.076255,ETH-29DEC23-2000-C,sell,1.0,2016.23,0.076,52.2,1700470333742,,,,
2023-11-20 08:50:37.174,1,5833,ETH-27590193,0.076489,ETH-29DEC23-2000-C,sell,1.0,2016.74,0.076,52.31,1700470237174,,,,
2023-11-20 08:49:02.655,0,5832,ETH-27590161,0.076178,ETH-29DEC23-2000-C,sell,1.0,2015.51,0.076,52.32,1700470142655,,,,
2023-11-20 08:47:26.955,0,5831,ETH-27590146,0.076742,ETH-29DEC23-2000-C,sell,1.0,2018.08,0.0755,51.4,1700470046955,,,,
2023-11-20 08:45:55.280,1,5830,ETH-27590061,0.075707,ETH-29DEC23-2000-C,sell,1.0,2014.27,0.075,51.67,1700469955280,,,,
2023-11-20 08:44:24.027,0,5829,ETH-27590033,0.075128,ETH-29DEC23-2000-C,sell,1.0,2012.51,0.075,52.29,1700469864027,,,,
2023-11-20 08:58:31.736,2,188,ETH-27590236,0.059672,ETH-29DEC23-2000-P,buy,1.0,2016.89,0.0595,52.5,1700470711736,,,,
2023-11-20 08:56:59.034,3,187,ETH-27590232,0.059385,ETH-29DEC23-2000-P,buy,1.0,2016.77,0.06,52.76,1700470619034,,,,
2023-11-20 08:55:24.748,3,186,ETH-27590228,0.059332,ETH-29DEC23-2000-P,buy,1.0,2016.43,0.06,52.7,1700470524748,,,,
2023-11-20 08:53:50.563,3,185,ETH-27590224,0.059811,ETH-29DEC23-2000-P,buy,1.0,2016.05,0.06,52.63,1700470430563,,,,
2023-11-20 08:52:15.515,3,184,ETH-27590206,0.05971,ETH-29DEC23-2000-P,buy,1.0,2016.33,0.06,52.66,1700470335515,,,,
2023-11-20 08:50:38.962,3,183,ETH-27590194,0.06021,ETH-29DEC23-2000-P,buy,1.0,2016.77,0.06,52.53,1700470238962,,,,
2023-11-20 08:49:04.418,3,182,ETH-27590162,0.059922,ETH-29DEC23-2000-P,buy,1.0,2015.56,0.06,52.54,1700470144418,,,,
2023-11-20 08:47:28.704,2,181,ETH-27590147,0.059176,ETH-29DEC23-2000-P,buy,1.0,2017.92,0.06,53.0,1700470048704,,,,
2023-11-20 08:45:57.009,2,180,ETH-27590062,0.059797,ETH-29DEC23-2000-P,buy,1.0,2014.54,0.0605,52.83,1700469957009,,,,
2023-11-20 08:44:25.762,2,179,ETH-27590034,0.060732,ETH-29DEC23-2000-P,buy,1.0,2012.49,0.061,52.55,1700469865762,,,,
2023-11-18 04:26:30.990,2,86,ETH-27558799,0.047231,ETH-29DEC23-2100-C,sell,17.0,1944.19,0.047,55.73,1700281590990,,,,
2023-11-16 11:42:06.955,0,85,ETH-27502811,0.085142,ETH-29DEC23-2100-C,buy,1.0,2089.67,0.0865,61.39,1700134926955,,,,
2023-11-16 11:41:59.371,0,84,ETH-27502798,0.084868,ETH-29DEC23-2100-C,sell,1.0,2088.41,0.084,59.67,1700134919371,,,,
2023-11-16 05:12:44.215,0,83,ETH-27497726,0.076178,ETH-29DEC23-2100-C,buy,250.0,2052.47,0.0767,60.1,1700111564215,1.0,BLOCK-495913,,
2023-11-15 18:51:01.129,0,82,ETH-27485577,0.070706,ETH-29DEC23-2100-C,buy,6.0,2033.03,0.0715,58.9,1700074261129,,,,
2023-11-15 18:51:01.129,2,81,ETH-27485576,0.070706,ETH-29DEC23-2100-C,buy,9.0,2033.03,0.071,58.54,1700074261129,,,,
2023-11-15 18:49:51.819,2,80,ETH-27485428,0.070685,ETH-29DEC23-2100-C,buy,20.0,2033.52,0.0715,58.81,1700074191819,,,,
2023-11-20 02:46:31.216,2,2352,ETH-27586695,0.048911,ETH-29DEC23-2200-C,buy,250.0,2007.96,0.05,63.53,1700448391216,1.0,BLOCK-498167,,
2023-11-15 18:51:02.623,3,2351,ETH-27485583,0.054232,ETH-29DEC23-2200-C,buy,16.0,2032.93,0.055,60.16,1700074262623,,,,
2023-11-15 18:50:22.761,2,2350,ETH-27485521,0.057882,ETH-29DEC23-2200-C,buy,14.0,2033.2,0.055,60.13,1700074222761,,,,
2023-11-15 18:50:20.377,3,2349,ETH-27485492,0.060115,ETH-29DEC23-2200-C,sell,13.0,2033.17,0.0595,63.48,1700074220377,,,,
2023-11-19 23:16:52.608,3,141,ETH-27583765,0.035422,ETH-29DEC23-2300-C,buy,8.0,2005.65,0.028,56.03,1700435812608,,,,
2023-11-19 23:16:41.098,3,140,ETH-27583711,0.034937,ETH-29DEC23-2300-C,buy,5.0,2002.65,0.028,56.42,1700435801098,,,,
2023-11-19 23:16:12.333,2,139,ETH-27583685,0.034986,ETH-29DEC23-2300-C,buy,4.0,2002.72,0.028,56.38,1700435772333,,,,
2023-11-16 06:48:36.947,0,138,ETH-27498317,0.046083,ETH-29DEC23-2300-C,buy,10.0,2057.74,0.046,61.93,1700117316947,,,,
2023-11-15 18:50:42.473,3,137,ETH-27485565,0.041758,ETH-29DEC23-2300-C,buy,16.0,2033.25,0.0425,61.64,1700074242473,,,,
2023-11-15 18:50:14.661,2,136,ETH-27485452,0.04311,ETH-29DEC23-2300-C,buy,13.0,2033.38,0.0425,61.58,1700074214661,,,,
2023-11-16 12:38:52.948,0,150,ETH-27505269,0.035579,ETH-29DEC23-2400-C,buy,300.0,2056.51,0.0365,64.29,1700138332948,1.0,BLOCK-496068,,
2023-11-16 12:34:49.541,0,149,ETH-27505193,0.035459,ETH-29DEC23-2400-C,buy,250.0,2054.98,0.036,64.0,1700138089541,1.0,BLOCK-496067,,
2023-11-15 18:50:42.473,2,148,ETH-27485566,0.032379,ETH-29DEC23-2400-C,buy,18.0,2033.25,0.0325,62.74,1700074242473,,,,
2023-11-15 18:50:14.656,0,147,ETH-27485451,0.032495,ETH-29DEC23-2400-C,buy,14.0,2033.58,0.033,63.12,1700074214656,,,,
2023-11-15 18:50:54.814,0,167,ETH-27485574,0.012778,ETH-29DEC23-2800-C,sell,26.0,2033.22,0.0125,68.73,1700074254814,,,,
2023-11-15 18:51:02.624,3,165,ETH-27485584,0.009077,ETH-29DEC23-3000-C,sell,27.0,2032.93,0.0085,72.28,1700074262624,,,,
2023-11-15 18:50:25.229,2,164,ETH-27485531,0.008684,ETH-29DEC23-3000-C,sell,26.0,2032.6,0.0085,72.31,1700074225229,,,,
2023-11-20 06:05:35.332,1,1,ETH-27587974,0.159946,ETH-26JAN24-1800-C,sell,1.0,2002.55,0.16,57.58,1700460335332,,,,
2023-11-19 23:55:10.124,0,6,ETH-27584942,0.048689,ETH-26JAN24-2400-C,buy,1.0,2013.1,0.046,60.8,1700438110124,,,,
2023-11-19 23:55:06.566,2,5,ETH-27584941,0.048627,ETH-26JAN24-2400-C,sell,1.0,2012.63,0.0445,59.86,1700438106566,,,,
2023-11-19 23:50:44.080,0,4,ETH-27584864,0.048938,ETH-26JAN24-2400-C,buy,1.0,2015.38,0.046,60.61,1700437844080,,,,
2023-11-19 23:50:40.537,2,3,ETH-27584862,0.048926,ETH-26JAN24-2400-C,sell,1.0,2015.27,0.045,59.98,1700437840537,,,,
2023-11-19 23:46:43.689,0,2,ETH-27584720,0.048642,ETH-26JAN24-2400-C,buy,1.0,2013.5,0.046,60.8,1700437603689,,,,
2023-11-19 23:46:40.103,1,1,ETH-27584719,0.048623,ETH-26JAN24-2400-C,sell,1.0,2013.37,0.0445,59.83,1700437600103,,,,
2023-11-18 05:07:54.767,3,4,ETH-27559240,0.013499,ETH-26JAN24-3000-C,sell,2.0,1935.91,0.013,68.74,1700284074767,,,,
2023-11-18 05:05:52.520,2,3,ETH-27559234,0.013504,ETH-26JAN24-3000-C,sell,2.0,1935.93,0.013,68.75,1700283952520,,,,
2023-11-18 05:03:28.242,1,2,ETH-27559211,0.013492,ETH-26JAN24-3000-C,buy,2.0,1936.17,0.014,69.98,1700283808242,,,,
2023-11-18 04:58:33.167,1,1,ETH-27559138,0.013533,ETH-26JAN24-3000-C,buy,2.0,1939.96,0.014,69.74,1700283513167,,,,
2023-11-16 16:30:13.453,2,10,ETH-27514145,0.071851,ETH-29MAR24-1000-P,buy,1.0,2007.88,0.0002,44.38,1700152213453,,,,
2023-11-16 16:30:16.220,1,1,ETH-27514153,0.357067,ETH-29MAR24-1400-C,buy,1.0,2007.58,0.3215,26.78,1700152216220,,,,
2023-11-16 16:30:14.727,2,13,ETH-27514149,0.035934,ETH-29MAR24-1400-P,buy,1.0,2007.8,0.0002,24.91,1700152214727,,,,
2023-11-17 06:56:55.549,2,32,ETH-27532435,0.232939,ETH-29MAR24-1700-C,buy,1.0,1985.21,0.1595,0.0,1700204215549,,,,
2023-11-16 20:43:58.345,0,31,ETH-27524398,0.228664,ETH-29MAR24-1700-C,sell,20.0,1963.06,0.228,61.35,1700167438345,,,,
2023-11-16 16:30:34.055,0,105,ETH-27514173,0.084003,ETH-29MAR24-1800-P,buy,1.0,2007.48,0.0835,61.37,1700152234055,,,,
2023-11-16 11:44:07.013,2,104,ETH-27502940,0.074361,ETH-29MAR24-1800-P,sell,1.0,2081.97,0.0735,63.16,1700135047013,,,,
2023-11-16 16:30:13.599,0,36,ETH-27514147,0.102394,ETH-29MAR24-2200-C,buy,1.0,2007.88,0.0935,49.93,1700152213599,,,,
2023-11-16 16:30:19.921,0,63,ETH-27514165,0.109336,ETH-29MAR24-2300-C,buy,1.0,2007.03,0.109,63.2,1700152219921,,,,
2023-11-16 16:30:23.834,0,16,ETH-27514169,0.085055,ETH-29MAR24-2400-C,buy,1.0,2006.76,0.095,63.39,1700152223834,,,,
2023-11-16 16:30:33.973,0,14,ETH-27514172,0.069471,ETH-29MAR24-2800-C,buy,1.0,2007.48,0.0605,66.9,1700152233973,,,,
2023-11-16 16:30:23.758,0,209,ETH-27514168,0.054227,ETH-29MAR24-3000-C,buy,1.0,2006.76,0.049,68.46,1700152223758,,,,
2023-11-16 16:30:19.882,0,218,ETH-27514164,0.113046,ETH-29MAR24-4000-C,buy,1.0,2007.03,0.0205,75.54,1700152219882,,,,
2023-11-16 16:30:34.133,0,176,ETH-27514174,0.1155,ETH-29MAR24-5000-C,buy,1.0,2007.48,0.011,81.76,1700152234133,,,,
2023-11-16 16:30:14.761,2,21,ETH-27514150,0.064149,ETH-29MAR24-7000-C,buy,1.0,2007.8,0.0004,69.45,1700152214761,,,,
2023-11-15 15:36:52.328,1,1,ETH-27476888,0.466652,ETH-28JUN24-1200-C,sell,1.0,2011.79,0.4665,73.27,1700062612328,,,,
2023-11-15 15:37:40.364,0,5,ETH-27476921,0.432358,ETH-28JUN24-1300-C,sell,1.0,2013.92,0.4095,58.55,1700062660364,,,,
2023-11-15 15:38:11.889,0,27,ETH-27476927,0.081996,ETH-28JUN24-1500-P,sell,1.0,2014.18,0.082,73.38,1700062691889,,,,
2023-11-17 11:53:00.064,3,46,ETH-27536317,0.060223,ETH-28JUN24-1800-P,sell,250.0,1965.89,0.0598,37.83,1700221980064,3.0,BLOCK-496396,,
2023-11-17 11:52:54.102,2,45,ETH-27536316,0.060235,ETH-28JUN24-1800-P,sell,250.0,1965.86,0.0598,37.83,1700221974102,2.0,BLOCK-496395,ETH-RR-28JUN24-1800_1900,
2023-11-17 11:52:48.258,3,44,ETH-27536313,0.060228,ETH-28JUN24-1800-P,buy,250.0,1966.04,0.0606,38.15,1700221968258,3.0,BLOCK-496394,,
2023-11-17 11:52:42.294,2,43,ETH-27536310,0.060162,ETH-28JUN24-1800-P,buy,250.0,1966.29,0.0606,38.16,1700221962294,2.0,BLOCK-496393,ETH-RR-28JUN24-1800_1900,
2023-11-17 11:53:00.064,1,23,ETH-27536318,0.220015,ETH-28JUN24-1900-C,buy,250.0,1965.89,0.2206,60.88,1700221980064,3.0,BLOCK-496396,,
2023-11-17 11:52:54.102,0,22,ETH-27536315,0.22,ETH-28JUN24-1900-C,buy,250.0,1965.86,0.2206,60.88,1700221974102,2.0,BLOCK-496395,ETH-RR-28JUN24-1800_1900,
2023-11-17 11:52:48.258,1,21,ETH-27536312,0.22004,ETH-28JUN24-1900-C,sell,250.0,1966.04,0.2195,60.48,1700221968258,3.0,BLOCK-496394,,
2023-11-17 11:52:42.294,0,20,ETH-27536309,0.220151,ETH-28JUN24-1900-C,sell,250.0,1966.29,0.2195,60.47,1700221962294,2.0,BLOCK-496393,ETH-RR-28JUN24-1800_1900,
2023-11-15 11:53:53.040,0,32,ETH-27472218,0.137985,ETH-28JUN24-1900-P,sell,250.0,2011.18,0.1374,61.41,1700049233040,3.0,BLOCK-495573,,
2023-11-15 11:53:46.575,2,31,ETH-27472215,0.13769,ETH-28JUN24-1900-P,sell,250.0,2010.85,0.1371,61.28,1700049226575,2.0,BLOCK-495572,ETH-RR-28JUN24-1900_2000,
2023-11-15 11:53:40.653,2,30,ETH-27472213,0.137586,ETH-28JUN24-1900-P,buy,250.0,2010.76,0.1381,61.63,1700049220653,3.0,BLOCK-495571,,
2023-11-15 11:53:34.194,0,29,ETH-27472210,0.137827,ETH-28JUN24-1900-P,buy,250.0,2010.7,0.1382,61.66,1700049214194,2.0,BLOCK-495570,ETH-RR-28JUN24-1900_2000,
2023-11-19 23:06:20.698,0,68,ETH-27583248,0.202288,ETH-28JUN24-2000-C,buy,1.0,1995.63,0.239,72.86,1700435180698,,,,
2023-11-19 23:06:13.608,2,67,ETH-27583231,0.201859,ETH-28JUN24-2000-C,sell,1.0,1993.54,0.1645,47.77,1700435173608,,,,
2023-11-19 20:19:58.988,0,66,ETH-27581382,0.198995,ETH-28JUN24-2000-C,buy,1.0,1980.11,0.202,61.55,1700425198988,,,,
2023-11-19 20:19:50.100,2,65,ETH-27581380,0.19892,ETH-28JUN24-2000-C,sell,1.0,1980.01,0.196,59.54,1700425190100,,,,
2023-11-19 20:14:31.103,0,64,ETH-27581258,0.199466,ETH-28JUN24-2000-C,buy,1.0,1981.79,0.2025,61.56,1700424871103,,,,
2023-11-19 20:14:22.271,2,63,ETH-27581257,0.199487,ETH-28JUN24-2000-C,sell,1.0,1982.14,0.1965,59.52,1700424862271,,,,
2023-11-19 20:03:34.882,0,62,ETH-27581092,0.200496,ETH-28JUN24-2000-C,buy,1.0,1987.16,0.239,73.6,1700424214882,,,,
2023-11-19 20:03:25.978,2,61,ETH-27581091,0.200464,ETH-28JUN24-2000-C,sell,1.0,1986.94,0.1625,47.79,1700424205978,,,,
2023-11-19 20:00:48.689,0,60,ETH-27581064,0.200494,ETH-28JUN24-2000-C,buy,1.0,1986.17,0.2035,61.65,1700424048689,,,,
2023-11-19 20:00:39.785,2,59,ETH-27581062,0.200509,ETH-28JUN24-2000-C,sell,1.0,1986.31,0.1975,59.61,1700424039785,,,,
2023-11-17 00:41:16.978,2,17,ETH-27528570,0.172767,ETH-28JUN24-2000-P,buy,1.0,1974.02,0.174,61.71,1700181676978,,,,
2023-11-16 23:21:33.226,0,16,ETH-27527543,0.178726,ETH-28JUN24-2000-P,buy,1.0,1956.42,0.181,62.41,1700176893226,,,,
2023-11-16 23:01:40.895,2,15,ETH-27527014,0.175824,ETH-28JUN24-2000-P,buy,1.0,1965.9,0.178,62.24,1700175700895,,,,
2023-11-16 22:41:17.560,0,14,ETH-27526831,0.176377,ETH-28JUN24-2000-P,buy,1.0,1966.7,0.216,75.04,1700174477560,,,,
2023-11-15 10:01:18.262,0,13,ETH-27470469,0.169454,ETH-28JUN24-2000-P,buy,1.0,1985.72,0.1715,62.05,1700042478262,,,,
2023-11-15 09:21:32.039,3,12,ETH-27470001,0.167997,ETH-28JUN24-2000-P,buy,1.0,1993.76,0.1695,62.1,1700040092039,,,,
2023-11-15 09:01:47.004,2,11,ETH-27469856,0.168291,ETH-28JUN24-2000-P,buy,1.0,1992.26,0.1695,61.99,1700038907004,,,,
2023-11-15 19:22:32.493,0,49,ETH-27486966,0.202222,ETH-28JUN24-2100-C,sell,1.0,2033.08,0.6995,262.25,1700076152493,,,,
2023-11-15 18:41:01.364,2,48,ETH-27485022,0.199461,ETH-28JUN24-2100-C,sell,1.0,2030.18,0.1965,61.86,1700073661364,,,,
2023-11-15 18:21:13.014,0,47,ETH-27482978,0.200609,ETH-28JUN24-2100-C,buy,1.0,2036.5,0.203,63.66,1700072473014,,,,
2023-11-15 18:21:05.926,2,46,ETH-27482973,0.200662,ETH-28JUN24-2100-C,sell,1.0,2038.34,0.157,48.4,1700072465926,,,,
2023-11-15 17:59:41.465,2,17,ETH-27481359,0.105826,ETH-27SEP24-800-P,sell,1.0,2014.5,0.106,150.12,1700071181465,,,,
2023-11-20 05:34:45.441,0,2696,ETH-27587712,0.233536,ETH-27SEP24-2000-C,buy,1.0,2000.92,0.253,63.07,1700458485441,,,,
2023-11-20 05:34:36.581,2,2695,ETH-27587711,0.233522,ETH-27SEP24-2000-C,sell,1.0,2001.13,0.214,51.7,1700458476581,,,,
2023-11-20 05:32:05.210,0,2694,ETH-27587661,0.233767,ETH-27SEP24-2000-C,buy,1.0,2002.23,0.2535,63.15,1700458325210,,,,
2023-11-20 05:31:56.409,2,2693,ETH-27587659,0.233829,ETH-27SEP24-2000-C,sell,1.0,2002.72,0.214,51.61,1700458316409,,,,
2023-11-20 05:29:24.802,0,2692,ETH-27587645,0.233556,ETH-27SEP24-2000-C,buy,1.0,2001.19,0.253,63.04,1700458164802,,,,
2023-11-20 05:29:15.972,2,2691,ETH-27587644,0.233542,ETH-27SEP24-2000-C,sell,1.0,2001.18,0.214,51.68,1700458155972,,,,
2023-11-20 05:26:45.336,0,2690,ETH-27587627,0.233531,ETH-27SEP24-2000-C,buy,1.0,2000.81,0.253,63.05,1700458005336,,,,
2023-11-20 05:26:36.452,2,2689,ETH-27587626,0.233567,ETH-27SEP24-2000-C,sell,1.0,2000.95,0.214,51.68,1700457996452,,,,
2023-11-20 05:24:01.550,0,2688,ETH-27587563,0.233774,ETH-27SEP24-2000-C,buy,1.0,2004.28,0.2535,63.07,1700457841550,,,,
2023-11-20 05:23:52.644,2,2687,ETH-27587562,0.233805,ETH-27SEP24-2000-C,sell,1.0,2004.58,0.214,51.54,1700457832644,,,,
2023-11-16 09:00:18.097,0,69,ETH-27499550,0.17947,ETH-27SEP24-2000-P,sell,1.0,2042.61,0.1765,60.77,1700125218097,,,,
2023-11-16 08:34:02.496,0,68,ETH-27499262,0.178977,ETH-27SEP24-2000-P,sell,1.0,2044.71,0.176,60.82,1700123642496,,,,
2023-11-16 07:27:10.898,0,67,ETH-27498524,0.176169,ETH-27SEP24-2000-P,sell,1.0,2058.87,0.1745,61.43,1700119630898,,,,
2023-11-16 06:50:17.229,2,66,ETH-27498326,0.175578,ETH-27SEP24-2000-P,sell,1.0,2058.76,0.1715,60.47,1700117417229,,,,
2023-11-16 05:50:28.848,1,65,ETH-27497942,0.179029,ETH-27SEP24-2000-P,sell,1.0,2056.33,0.1765,61.75,1700113828848,,,,
2023-11-16 05:29:08.500,0,64,ETH-27497826,0.188305,ETH-27SEP24-2000-P,sell,1.0,2052.49,0.1765,61.48,1700112548500,,,,
2023-11-16 04:26:23.051,1,63,ETH-27497410,0.187696,ETH-27SEP24-2000-P,sell,1.0,2051.14,0.1715,59.87,1700108783051,,,,
2023-11-16 03:26:21.213,1,62,ETH-27497151,0.176744,ETH-27SEP24-2000-P,sell,1.0,2052.99,0.1715,60.02,1700105181213,,,,
2023-11-16 02:27:01.223,1,61,ETH-27496731,0.176049,ETH-27SEP24-2000-P,sell,1.0,2060.25,0.1715,60.59,1700101621223,,,,
2023-11-16 01:50:23.903,0,60,ETH-27496179,0.1763,ETH-27SEP24-2000-P,sell,1.0,2064.48,0.1715,60.93,1700099423903,,,,
2023-11-15 18:00:57.235,2,369,ETH-27481370,0.233276,ETH-27SEP24-2100-C,sell,1.0,2013.41,0.2295,60.68,1700071257235,,,,
2023-11-15 17:50:23.773,0,368,ETH-27481182,0.233536,ETH-27SEP24-2100-C,buy,1.0,2014.72,0.2365,62.6,1700070623773,,,,
2023-11-15 17:40:58.957,2,367,ETH-27481027,0.233491,ETH-27SEP24-2100-C,sell,1.0,2013.24,0.2295,60.68,1700070058957,,,,
2023-11-15 17:21:08.607,0,366,ETH-27480731,0.231482,ETH-27SEP24-2100-C,buy,1.0,2006.82,0.235,62.61,1700068868607,,,,
2023-11-15 17:21:01.308,2,365,ETH-27480726,0.231494,ETH-27SEP24-2100-C,sell,1.0,2007.84,0.228,60.59,1700068861308,,,,
2023-11-15 17:01:08.173,2,364,ETH-27479998,0.233519,ETH-27SEP24-2100-C,sell,1.0,2014.08,0.2295,60.63,1700067668173,,,,
2023-11-15 16:50:18.439,0,363,ETH-27479614,0.233312,ETH-27SEP24-2100-C,buy,1.0,2013.44,0.236,62.52,1700067018439,,,,
2023-11-15 16:41:06.878,2,362,ETH-27479395,0.233745,ETH-27SEP24-2100-C,sell,1.0,2014.75,0.23,60.76,1700066466878,,,,
2023-11-15 16:21:14.396,0,361,ETH-27477614,0.234625,ETH-27SEP24-2100-C,buy,1.0,2016.21,0.237,62.61,1700065274396,,,,
2023-11-15 16:21:06.982,0,360,ETH-27477611,0.234542,ETH-27SEP24-2100-C,sell,1.0,2016.35,0.2305,60.77,1700065266982,,,,
2023-11-15 18:00:59.037,0,329,ETH-27481375,0.215513,ETH-27SEP24-2100-P,buy,1.0,2013.14,0.2185,62.59,1700071259037,,,,
2023-11-15 17:50:21.985,2,328,ETH-27481181,0.215232,ETH-27SEP24-2100-P,sell,1.0,2014.75,0.212,60.85,1700070621985,,,,
2023-11-15 17:41:00.694,0,327,ETH-27481028,0.215696,ETH-27SEP24-2100-P,buy,1.0,2013.24,0.2185,62.59,1700070060694,,,,
2023-11-15 17:21:06.871,2,326,ETH-27480728,0.21667,ETH-27SEP24-2100-P,sell,1.0,2007.8,0.2125,60.4,1700068866871,,,,
2023-11-15 17:21:03.141,0,325,ETH-27480727,0.216754,ETH-27SEP24-2100-P,buy,1.0,2007.85,0.2205,62.65,1700068863141,,,,
2023-11-15 17:01:09.919,0,324,ETH-27480000,0.215416,ETH-27SEP24-2100-P,buy,1.0,2014.06,0.2185,62.66,1700067669919,,,,
2023-11-15 16:50:16.649,2,323,ETH-27479613,0.215758,ETH-27SEP24-2100-P,sell,1.0,2013.36,0.213,61.02,1700067016649,,,,
2023-11-15 16:41:08.610,0,322,ETH-27479397,0.215479,ETH-27SEP24-2100-P,buy,1.0,2014.77,0.2185,62.68,1700066468610,,,,
2023-11-15 16:21:12.590,2,321,ETH-27477613,0.215227,ETH-27SEP24-2100-P,sell,1.0,2016.26,0.2125,61.16,1700065272590,,,,
2023-11-15 16:21:08.768,0,320,ETH-27477612,0.215142,ETH-27SEP24-2100-P,buy,1.0,2016.42,0.218,62.74,1700065268768,,,,
2023-11-17 13:52:52.082,2,14,ETH-27538846,0.072552,ETH-27SEP24-4000-C,sell,1.0,1954.48,0.0725,70.46,1700229172082,,,,
